{
  "meta": {
    "product": "WatchNexus",
    "schema": 1,
    "defaultThemeId": "midnight_signal"
  },
  "themes": [
    {
      "id": "midnight_signal",
      "name": "Midnight Signal",
      "style": "Command Center",
      "preview": {
        "primary": "#2DE2E6",
        "accent": "#7C3AED"
      },
      "fonts": {
        "ui": "Inter, system-ui, -apple-system, Segoe UI, Roboto, Arial, sans-serif",
        "display": "Space Grotesk, Inter, system-ui, sans-serif",
        "mono": "ui-monospace, SFMono-Regular, Menlo, Monaco, Consolas, 'Liberation Mono', monospace"
      },
      "modes": {
        "light": {
          "bg": "#F7FAFF",
          "surface": "#FFFFFF",
          "surface2": "#EEF5FF",
          "text": "#0B1220",
          "textMuted": "#526581",
          "primary": "#1B76FF",
          "primary2": "#2DE2E6",
          "accent": "#7C3AED",
          "accent2": "#0EA5E9",
          "border": "#D8E2F0",
          "success": "#16A34A",
          "warn": "#F59E0B",
          "danger": "#EF4444",
          "eventAiring": "#1B76FF",
          "eventDrop": "#7C3AED",
          "eventSpecial": "#F59E0B",
          "radius": "16px",
          "glow": "0.18",
          "scanlines": "0"
        },
        "dark": {
          "bg": "#0B1220",
          "surface": "#121B2E",
          "surface2": "#0F1729",
          "text": "#EAF0FF",
          "textMuted": "#9BB0D0",
          "primary": "#2DE2E6",
          "primary2": "#1B76FF",
          "accent": "#A78BFA",
          "accent2": "#00A3FF",
          "border": "#22314F",
          "success": "#22C55E",
          "warn": "#FBBF24",
          "danger": "#FB7185",
          "eventAiring": "#2DE2E6",
          "eventDrop": "#A78BFA",
          "eventSpecial": "#FBBF24",
          "radius": "16px",
          "glow": "0.28",
          "scanlines": "0"
        }
      }
    },
    {
      "id": "paper_ink",
      "name": "Paper & Ink",
      "style": "Premium Planner",
      "preview": {
        "primary": "#0F4C81",
        "accent": "#0E7490"
      },
      "fonts": {
        "ui": "Source Sans 3, system-ui, -apple-system, Segoe UI, Roboto, Arial, sans-serif",
        "display": "Source Sans 3, system-ui, sans-serif",
        "mono": "ui-monospace, SFMono-Regular, Menlo, Monaco, Consolas, 'Liberation Mono', monospace"
      },
      "modes": {
        "light": {
          "bg": "#FBFAF7",
          "surface": "#FFFFFF",
          "surface2": "#F4F0E8",
          "text": "#171717",
          "textMuted": "#5B5B5B",
          "primary": "#0F4C81",
          "primary2": "#0E7490",
          "accent": "#0E7490",
          "accent2": "#B45309",
          "border": "#E7E1D6",
          "success": "#15803D",
          "warn": "#B45309",
          "danger": "#B91C1C",
          "eventAiring": "#0F4C81",
          "eventDrop": "#B45309",
          "eventSpecial": "#0E7490",
          "radius": "14px",
          "glow": "0.0",
          "scanlines": "0"
        },
        "dark": {
          "bg": "#111111",
          "surface": "#1A1A1A",
          "surface2": "#141414",
          "text": "#F3F3F3",
          "textMuted": "#B0B0B0",
          "primary": "#56B4D3",
          "primary2": "#60A5FA",
          "accent": "#60A5FA",
          "accent2": "#F59E0B",
          "border": "#2A2A2A",
          "success": "#22C55E",
          "warn": "#F59E0B",
          "danger": "#EF4444",
          "eventAiring": "#56B4D3",
          "eventDrop": "#F59E0B",
          "eventSpecial": "#60A5FA",
          "radius": "14px",
          "glow": "0.0",
          "scanlines": "0"
        }
      }
    },
    {
      "id": "arcadium",
      "name": "Arcadium",
      "style": "Retro-Future Pop",
      "preview": {
        "primary": "#FF3DF2",
        "accent": "#2DE2FF"
      },
      "fonts": {
        "ui": "Outfit, system-ui, -apple-system, Segoe UI, Roboto, Arial, sans-serif",
        "display": "Outfit, system-ui, sans-serif",
        "mono": "ui-monospace, SFMono-Regular, Menlo, Monaco, Consolas, 'Liberation Mono', monospace"
      },
      "modes": {
        "light": {
          "bg": "#FFF7FB",
          "surface": "#FFFFFF",
          "surface2": "#FBE7F7",
          "text": "#1A1022",
          "textMuted": "#6B4B7A",
          "primary": "#D946EF",
          "primary2": "#2563EB",
          "accent": "#2563EB",
          "accent2": "#10B981",
          "border": "#F3D7F0",
          "success": "#10B981",
          "warn": "#F59E0B",
          "danger": "#EF4444",
          "eventAiring": "#2563EB",
          "eventDrop": "#D946EF",
          "eventSpecial": "#10B981",
          "radius": "18px",
          "glow": "0.25",
          "scanlines": "0"
        },
        "dark": {
          "bg": "#07030D",
          "surface": "#12061F",
          "surface2": "#0B0415",
          "text": "#F6EFFF",
          "textMuted": "#B59CC7",
          "primary": "#FF3DF2",
          "primary2": "#2DE2FF",
          "accent": "#2DE2FF",
          "accent2": "#34D399",
          "border": "#2A0E3F",
          "success": "#34D399",
          "warn": "#FBBF24",
          "danger": "#FB7185",
          "eventAiring": "#2DE2FF",
          "eventDrop": "#FF3DF2",
          "eventSpecial": "#34D399",
          "radius": "18px",
          "glow": "0.35",
          "scanlines": "0.06"
        }
      }
    },
    {
      "id": "panel_symphony",
      "name": "Panel Symphony",
      "style": "LCARS-like",
      "preview": {
        "primary": "#FB923C",
        "accent": "#C084FC"
      },
      "fonts": {
        "ui": "IBM Plex Sans, system-ui, -apple-system, Segoe UI, Roboto, Arial, sans-serif",
        "display": "Space Grotesk, IBM Plex Sans, system-ui, sans-serif",
        "mono": "ui-monospace, SFMono-Regular, Menlo, Monaco, Consolas, 'Liberation Mono', monospace"
      },
      "modes": {
        "light": {
          "bg": "#F6F2EA",
          "surface": "#FFFFFF",
          "surface2": "#F1E5D5",
          "text": "#1E1B16",
          "textMuted": "#5A4E3D",
          "primary": "#F97316",
          "primary2": "#22C55E",
          "accent": "#A855F7",
          "accent2": "#F59E0B",
          "border": "#E6D3BD",
          "success": "#22C55E",
          "warn": "#F59E0B",
          "danger": "#EF4444",
          "eventAiring": "#F97316",
          "eventDrop": "#A855F7",
          "eventSpecial": "#22C55E",
          "radius": "22px",
          "glow": "0.10",
          "scanlines": "0"
        },
        "dark": {
          "bg": "#0B0A0A",
          "surface": "#141010",
          "surface2": "#100C0C",
          "text": "#F5F0EA",
          "textMuted": "#D8C6AF",
          "primary": "#FB923C",
          "primary2": "#34D399",
          "accent": "#C084FC",
          "accent2": "#FBBF24",
          "border": "#2B1F1F",
          "success": "#34D399",
          "warn": "#FBBF24",
          "danger": "#FB7185",
          "eventAiring": "#FB923C",
          "eventDrop": "#C084FC",
          "eventSpecial": "#34D399",
          "radius": "22px",
          "glow": "0.12",
          "scanlines": "0"
        }
      }
    },
    {
      "id": "time_rotor",
      "name": "Time Rotor",
      "style": "Temporal Vortex",
      "preview": {
        "primary": "#60A5FA",
        "accent": "#F59E0B"
      },
      "fonts": {
        "ui": "DM Sans, system-ui, -apple-system, Segoe UI, Roboto, Arial, sans-serif",
        "display": "DM Sans, system-ui, sans-serif",
        "mono": "ui-monospace, SFMono-Regular, Menlo, Monaco, Consolas, 'Liberation Mono', monospace"
      },
      "modes": {
        "light": {
          "bg": "#F3F7FF",
          "surface": "#FFFFFF",
          "surface2": "#EAF1FF",
          "text": "#0B1020",
          "textMuted": "#4B5B7A",
          "primary": "#2563EB",
          "primary2": "#60A5FA",
          "accent": "#D97706",
          "accent2": "#A855F7",
          "border": "#D9E3F7",
          "success": "#16A34A",
          "warn": "#D97706",
          "danger": "#DC2626",
          "eventAiring": "#2563EB",
          "eventDrop": "#D97706",
          "eventSpecial": "#A855F7",
          "radius": "18px",
          "glow": "0.08",
          "scanlines": "0"
        },
        "dark": {
          "bg": "#050A12",
          "surface": "#0D1626",
          "surface2": "#081020",
          "text": "#EAF2FF",
          "textMuted": "#AFC1E3",
          "primary": "#60A5FA",
          "primary2": "#2563EB",
          "accent": "#F59E0B",
          "accent2": "#C084FC",
          "border": "#1B2A44",
          "success": "#22C55E",
          "warn": "#FBBF24",
          "danger": "#FB7185",
          "eventAiring": "#60A5FA",
          "eventDrop": "#F59E0B",
          "eventSpecial": "#C084FC",
          "radius": "18px",
          "glow": "0.12",
          "scanlines": "0"
        }
      }
    },
    {
      "id": "night_scanner",
      "name": "Night Scanner",
      "style": "Black Glass + Red Sweep",
      "preview": {
        "primary": "#FF2D2D",
        "accent": "#9CA3AF"
      },
      "fonts": {
        "ui": "Rajdhani, system-ui, -apple-system, Segoe UI, Roboto, Arial, sans-serif",
        "display": "Rajdhani, system-ui, sans-serif",
        "mono": "ui-monospace, SFMono-Regular, Menlo, Monaco, Consolas, 'Liberation Mono', monospace"
      },
      "modes": {
        "light": {
          "bg": "#FAFAFA",
          "surface": "#FFFFFF",
          "surface2": "#F3F4F6",
          "text": "#0F0F0F",
          "textMuted": "#4B5563",
          "primary": "#DC2626",
          "primary2": "#111827",
          "accent": "#111827",
          "accent2": "#DC2626",
          "border": "#E5E7EB",
          "success": "#16A34A",
          "warn": "#F59E0B",
          "danger": "#DC2626",
          "eventAiring": "#111827",
          "eventDrop": "#DC2626",
          "eventSpecial": "#F59E0B",
          "radius": "16px",
          "glow": "0.15",
          "scanlines": "0.03"
        },
        "dark": {
          "bg": "#050505",
          "surface": "#101010",
          "surface2": "#0B0B0B",
          "text": "#F5F5F5",
          "textMuted": "#9CA3AF",
          "primary": "#FF2D2D",
          "primary2": "#6B7280",
          "accent": "#FF2D2D",
          "accent2": "#FBBF24",
          "border": "#1F1F1F",
          "success": "#22C55E",
          "warn": "#FBBF24",
          "danger": "#FB7185",
          "eventAiring": "#E5E7EB",
          "eventDrop": "#FF2D2D",
          "eventSpecial": "#FBBF24",
          "radius": "16px",
          "glow": "0.22",
          "scanlines": "0.06"
        }
      }
    },
    {
      "id": "grid_noir",
      "name": "Grid Noir",
      "style": "Neon Grid (Cinematic)",
      "preview": {
        "primary": "#00D1FF",
        "accent": "#A78BFA"
      },
      "fonts": {
        "ui": "Sora, system-ui, -apple-system, Segoe UI, Roboto, Arial, sans-serif",
        "display": "Sora, system-ui, sans-serif",
        "mono": "ui-monospace, SFMono-Regular, Menlo, Monaco, Consolas, 'Liberation Mono', monospace"
      },
      "modes": {
        "light": {
          "bg": "#F7FBFF",
          "surface": "#FFFFFF",
          "surface2": "#E9F7FF",
          "text": "#071622",
          "textMuted": "#2B5A66",
          "primary": "#00B7D6",
          "primary2": "#0EA5E9",
          "accent": "#7C3AED",
          "accent2": "#00A3FF",
          "border": "#BFEAF3",
          "success": "#16A34A",
          "warn": "#F59E0B",
          "danger": "#EF4444",
          "eventAiring": "#00B7D6",
          "eventDrop": "#7C3AED",
          "eventSpecial": "#F59E0B",
          "radius": "18px",
          "glow": "0.20",
          "scanlines": "0.02"
        },
        "dark": {
          "bg": "#03050A",
          "surface": "#0A0F1A",
          "surface2": "#050914",
          "text": "#E6F6FF",
          "textMuted": "#9BB0D0",
          "primary": "#00D1FF",
          "primary2": "#00A3FF",
          "accent": "#A78BFA",
          "accent2": "#22C55E",
          "border": "#141C33",
          "success": "#34D399",
          "warn": "#FBBF24",
          "danger": "#FB7185",
          "eventAiring": "#00D1FF",
          "eventDrop": "#A78BFA",
          "eventSpecial": "#FBBF24",
          "radius": "18px",
          "glow": "0.35",
          "scanlines": "0.06"
        }
      }
    },
    {
      "id": "taelon_glass",
      "name": "Taelon Glass",
      "style": "Organic Glass UI",
      "preview": {
        "primary": "#38BDF8",
        "accent": "#34D399"
      },
      "fonts": {
        "ui": "Manrope, system-ui, -apple-system, Segoe UI, Roboto, Arial, sans-serif",
        "display": "Manrope, system-ui, sans-serif",
        "mono": "ui-monospace, SFMono-Regular, Menlo, Monaco, Consolas, 'Liberation Mono', monospace"
      },
      "modes": {
        "light": {
          "bg": "#F6FBFF",
          "surface": "rgba(255,255,255,0.78)",
          "surface2": "rgba(255,255,255,0.55)",
          "text": "#071622",
          "textMuted": "#355A6B",
          "primary": "#0EA5E9",
          "primary2": "#38BDF8",
          "accent": "#22C55E",
          "accent2": "#A855F7",
          "border": "rgba(10,20,30,0.12)",
          "success": "#16A34A",
          "warn": "#F59E0B",
          "danger": "#EF4444",
          "eventAiring": "#0EA5E9",
          "eventDrop": "#22C55E",
          "eventSpecial": "#A855F7",
          "radius": "20px",
          "glow": "0.08",
          "scanlines": "0"
        },
        "dark": {
          "bg": "#02060B",
          "surface": "rgba(10,20,30,0.58)",
          "surface2": "rgba(10,20,30,0.38)",
          "text": "#E6F6FF",
          "textMuted": "#9BB0D0",
          "primary": "#38BDF8",
          "primary2": "#0EA5E9",
          "accent": "#34D399",
          "accent2": "#C084FC",
          "border": "rgba(230,246,255,0.10)",
          "success": "#34D399",
          "warn": "#FBBF24",
          "danger": "#FB7185",
          "eventAiring": "#38BDF8",
          "eventDrop": "#34D399",
          "eventSpecial": "#C084FC",
          "radius": "20px",
          "glow": "0.12",
          "scanlines": "0"
        }
      }
    }
  ]
}